Top queries,Clicks,Impressions,CTR,Position
posicionamiento web asturias,0,1660,0%,73.55
posicionamiento seo asturias,0,1028,0%,80.61
posicionamiento seo gijon,0,775,0%,61.19
posicionamiento web gijon,0,625,0%,65.16
posicionamiento web en asturias,0,599,0%,72.73
posicionamiento seo oviedo,0,590,0%,60.26
posicionamiento web oviedo,0,560,0%,69.9
diseño web gijon,0,388,0%,83.49
posicionamiento web en gijon,0,365,0%,60.66
posicionamiento web aviles,0,349,0%,76.09
diseño de paginas web en gijon,0,332,0%,70.25
seo local asturias,0,302,0%,37.84
diseño paginas web gijon,0,299,0%,72.1
seo gijon,0,275,0%,46.86
seo oviedo,0,254,0%,50.16
empresa posicionamiento web asturias,0,232,0%,74.59
consultor seo oviedo,0,193,0%,55.89
consultor seo gijon,0,191,0%,41.64
posicionamiento seo en gijón,0,182,0%,43.45
seo en oviedo,0,151,0%,44.23
diseño web gijón,0,142,0%,71.81
posicionamiento web langreo,0,139,0%,33.05
posicionamiento web en oviedo,0,133,0%,73.3
posicionamiento seo en oviedo,0,129,0%,45.95
posicionamiento asturias,0,99,0%,53.29
posicionamiento web y seo en asturias,0,93,0%,73.8
presupuesto seo gijon,0,88,0%,56.61
seo en gijón,0,84,0%,37.35
posicionamiento en asturias,0,77,0%,51.08
seo en gijon,0,75,0%,41.85
posicionamiento seo langreo,0,74,0%,34.8
posicionamiento seo en asturias,0,69,0%,82.83
agencia seo oviedo,0,68,0%,73.46
posicionamiento web seo en asturias,0,56,0%,78.14
posicionamiento web gijón,0,51,0%,47.35
diseño páginas web asturias gijón,0,45,0%,82.87
agencia ia asturias,0,40,0%,31.23
linkbuilding gijon,0,39,0%,13.15
agencia seo en gijon,0,38,0%,59.18
agencia seo gijon,0,37,0%,70.7
diseño web en gijon,0,34,0%,73.68
analitica web en asturias,0,33,0%,46.82
consultoría inteligencia artificial pymes,0,32,0%,76.31
seo asturias,0,24,0%,50.08
presupuesto seo oviedo,0,23,0%,45.43
agencia seo en oviedo,0,23,0%,70.48
googlenegocios,0,22,0%,10.68
inteligencia artificial para empresas oviedo,0,20,0%,46.3
diseñador web gijón,0,19,0%,97.74
seo web en asturias,0,18,0%,77.28
diseñador web gijon,0,18,0%,99.83
diseño web en gijón,0,17,0%,77.71
formación técnica ia para empresas,0,15,0%,63.27
empresa seo oviedo,0,15,0%,65.53
"empresas que ofrecen formación personalizada en inteligencia artificial 
para negocios",0,14,0%,78.93
agencia posicionamiento web asturias,0,13,0%,79.38
google my business asturias,0,12,0%,18.5
linkbuilding oviedo,0,12,0%,52.58
posicionamiento en buscadores en asturias,0,12,0%,55.83
posicionamiento google my business asturias,0,10,0%,21.8
consultoria seo oviedo,0,10,0%,37.4
linkbuilding asturias,0,9,0%,28.44
consultoria seo gijon,0,9,0%,51.89
posicionamiento en buscadores asturias,0,9,0%,69.33
seo gijón,0,8,0%,28.62
agencia de ia en asturias,0,8,0%,32.5
seo en asturias,0,8,0%,60.25
automatización inteligente con ia,0,7,0%,71.14
agencia seo gijón,0,7,0%,73.43
diseño paginas web langreo,0,6,0%,92.5
automatizaciones ia,0,5,0%,90.6
formacion ia flownexion,0,4,0%,12.5
formacion inteligencia artificial flownexion,0,4,0%,17.75
formacion ia para empresas flownexion,0,3,0%,9
agencia de seo en gijón,0,3,0%,16.67
formacion de inteligencia artificial para empresas flownexion,0,3,0%,17.67
posicionamiento geo en asturias,0,3,0%,33.67
auditoria seo oviedo,0,3,0%,41
consultor seo en asturias,0,3,0%,61.33
agencia posicionamiento en gijón,0,3,0%,70
consultor seo en aviles,0,3,0%,86.67
posicionamiento seo aviles,0,3,0%,97.33
automatizaciones ia flownexion,0,2,0%,12.5
posicionamiento buscadores asturias,0,2,0%,23
auditoria seo gijon,0,2,0%,47
posicionamiento web seo villaviciosa de odon,0,2,0%,47.5
glegoo consultores de negocio,0,2,0%,73.5
automatizaciones inteligentes,0,2,0%,86
posicionamiento web en aviles,0,2,0%,98.5
local seo company services near me,0,1,0%,1
seo,0,1,0%,11
make automatizacion asturias,0,1,0%,12
automatizaciones con make,0,1,0%,18
conseguir gemini pro gratis,0,1,0%,18
dar de alta negocio en google maps,0,1,0%,20
seo local,0,1,0%,21
coworking dental en gijón,0,1,0%,22
empresa de seo gijón,0,1,0%,24
agencia seo local asturias,0,1,0%,26
n8n cuanto cuesta,0,1,0%,29
posicionamiento web mieres,0,1,0%,29
agencia am en gijón,0,1,0%,32
posicionamiento seo gijón,0,1,0%,38
seo para pymes en asturias,0,1,0%,49
consultor seo asturias,0,1,0%,56
automatización inteligente,0,1,0%,58
experto seo asturias,0,1,0%,62
automatizaciones con ia,0,1,0%,69
spaces gijón coworking,0,1,0%,75
consultoría ia para pymes,0,1,0%,77
consultor inteligencia artificial pymes,0,1,0%,86
seo web asturias,0,1,0%,96
agencia posicionamiento internet gijon,0,1,0%,97
agencia de seo en aviles,0,1,0%,99