Top pages,Clicks,Impressions,CTR,Position
https://pymempresas.com/seo-local-gijon/,3,3261,0.09%,55.38
https://pymempresas.com/seo-local-oviedo/,2,2646,0.08%,59.15
https://pymempresas.com/posicionamiento-web-asturias/,1,5053,0.02%,72.42
https://pymempresas.com/,1,239,0.42%,20.53
https://pymempresas.com/diseno-web-gijon/,0,1311,0%,73.82
https://pymempresas.com/inteligencia-artificial-empresas/,0,233,0%,32.15
https://pymempresas.com/formacion-ia-empresas/,0,98,0%,34.01
https://pymempresas.com/google-negocios/,0,77,0%,11
https://pymempresas.com/automatizaciones-con-ia/,0,72,0%,24.38
https://pymempresas.com/contacto/,0,33,0%,6.03
https://pymempresas.com/seo-local-empresas-asturias/,0,29,0%,55.59